gameid,activity,detail,team,timestamp
4800399573,CHAMPION_KILL,3,1,159380
4800399573,CHAMPION_KILL,2,1,163410
4800399573,CHAMPION_KILL,2,1,168400
4800399573,CHAMPION_KILL,3,1,363305
4800399573,CHAMPION_KILL,2,1,449926
4800399573,CHAMPION_KILL,1,1,466444
4800399573,CHAMPION_KILL,1,1,582665
4800399573,CHAMPION_KILL,0,1,705756
4800399573,CHAMPION_KILL,3,1,792810
4800399573,CHAMPION_KILL,3,1,805897
4800399573,CHAMPION_KILL,2,1,872970
4800399573,CHAMPION_KILL,2,1,877695
4800399573,CHAMPION_KILL,0,1,939131
4800399573,ELITE_MONSTER_KILL,RIFTHERALD,1,1004684
4800399573,CHAMPION_KILL,1,1,1039459
4800399573,BUILDING_KILL,0,1,1088965
4800399573,CHAMPION_KILL,0,1,1139328
4800399573,CHAMPION_KILL,2,1,1233267
4800399573,CHAMPION_KILL,2,1,1237639
4800399573,CHAMPION_KILL,1,1,1247090
4800399573,CHAMPION_KILL,1,1,1264505
4800399573,ELITE_MONSTER_KILL,DRAGON,1,1292827
4800399573,CHAMPION_KILL,0,1,1346918
4800399573,BUILDING_KILL,1,1,1383230
4800399573,CHAMPION_KILL,1,1,1399295
4800399573,CHAMPION_KILL,1,1,1404818
4800399573,CHAMPION_KILL,1,1,1406654
4800399573,CHAMPION_KILL,1,1,1419473
4800399573,CHAMPION_KILL,3,1,1507214
4800399573,CHAMPION_KILL,3,1,1508967
4800399573,CHAMPION_KILL,3,1,1512912
4800399573,CHAMPION_KILL,3,1,1524706
4800399573,CHAMPION_KILL,3,1,1561580
4800399573,CHAMPION_KILL,3,1,1698623
4800399573,ELITE_MONSTER_KILL,BARON_NASHOR,1,1731437
4800399573,CHAMPION_KILL,3,1,1735207
4800399573,BUILDING_KILL,1,1,1767032
4800399573,BUILDING_KILL,1,1,1773210
4800399573,CHAMPION_KILL,3,1,1777804
4800399573,CHAMPION_KILL,3,1,1788381
4800399573,CHAMPION_KILL,3,1,1788910
4800399573,CHAMPION_KILL,3,1,1806626
4800399573,BUILDING_KILL,1,1,1810821
4800399573,BUILDING_KILL,1,1,1820964
4800399573,CHAMPION_KILL,3,1,1828298
4800399604,CHAMPION_KILL,3,0,58663
4800399604,CHAMPION_KILL,2,0,147059
4800399604,CHAMPION_KILL,3,0,336943
4800399604,CHAMPION_KILL,3,0,339552
4800399604,CHAMPION_KILL,3,0,450845
4800399604,CHAMPION_KILL,2,0,458643
4800399604,CHAMPION_KILL,1,0,502642
4800399604,CHAMPION_KILL,3,0,535738
4800399604,ELITE_MONSTER_KILL,RIFTHERALD,0,537026
4800399604,CHAMPION_KILL,2,0,565410
4800399604,CHAMPION_KILL,2,0,567523
4800399604,CHAMPION_KILL,2,0,569373
4800399604,CHAMPION_KILL,2,0,652822
4800399604,CHAMPION_KILL,1,0,678757
4800399604,CHAMPION_KILL,3,0,707991
4800399604,CHAMPION_KILL,3,0,732435
4800399604,CHAMPION_KILL,0,0,743801
4800399604,BUILDING_KILL,1,0,804709
4800399604,ELITE_MONSTER_KILL,RIFTHERALD,0,953993
4800399604,CHAMPION_KILL,2,0,994883
4800399604,CHAMPION_KILL,2,0,997889
4800399604,CHAMPION_KILL,2,0,1003970
4800399604,CHAMPION_KILL,2,0,1015034
4800399604,BUILDING_KILL,2,0,1033015
4800399604,CHAMPION_KILL,1,0,1040413
4800399604,CHAMPION_KILL,1,0,1086789
4800399604,CHAMPION_KILL,3,0,1092767
4800399604,CHAMPION_KILL,0,0,1133727
4800399604,CHAMPION_KILL,0,0,1140210
4800399604,CHAMPION_KILL,3,0,1154613
4800399604,BUILDING_KILL,0,0,1161814
4800399604,CHAMPION_KILL,3,0,1164158
4800399604,CHAMPION_KILL,1,0,1200130
4800399604,CHAMPION_KILL,1,0,1217338
4800399604,CHAMPION_KILL,1,0,1237225
4800399604,CHAMPION_KILL,3,0,1238479
4800399604,BUILDING_KILL,1,0,1247695
4800399604,CHAMPION_KILL,1,0,1283807
4800399604,CHAMPION_KILL,3,0,1354431
4800399604,CHAMPION_KILL,3,0,1357865
4800399604,CHAMPION_KILL,3,0,1396884
4800399604,CHAMPION_KILL,3,0,1466715
4800399604,CHAMPION_KILL,1,0,1469159
4800399604,CHAMPION_KILL,3,0,1471107
4800399604,CHAMPION_KILL,3,0,1505438
4800399604,BUILDING_KILL,2,0,1507090
4800399604,CHAMPION_KILL,3,0,1516865
4800399604,CHAMPION_KILL,3,0,1517658
4800399604,BUILDING_KILL,1,0,1544183
4800399604,BUILDING_KILL,1,0,1560301
4800399604,BUILDING_KILL,0,0,1567272
4800399604,CHAMPION_KILL,2,0,1581542
4800399604,CHAMPION_KILL,3,0,1605160
4800399604,CHAMPION_KILL,3,0,1608727
4800399604,CHAMPION_KILL,3,0,1631659
4800399604,ELITE_MONSTER_KILL,DRAGON,0,1639290
4800399604,CHAMPION_KILL,3,0,1641536
4800399604,CHAMPION_KILL,3,0,1657292
4800399604,CHAMPION_KILL,3,0,1677044
4800399604,CHAMPION_KILL,3,0,1722265
4800399604,CHAMPION_KILL,3,0,1731747
4800399604,CHAMPION_KILL,3,0,1756678
4800399604,CHAMPION_KILL,0,0,1809231
4800399607,CHAMPION_KILL,1,0,157968
4800399607,CHAMPION_KILL,3,0,220911
4800399607,CHAMPION_KILL,0,0,251780
4800399607,CHAMPION_KILL,0,0,407449
4800399607,CHAMPION_KILL,0,0,414735
4800399607,CHAMPION_KILL,0,0,427285
4800399607,CHAMPION_KILL,1,0,547654
4800399607,CHAMPION_KILL,0,0,576226
4800399607,CHAMPION_KILL,0,0,631638
4800399607,ELITE_MONSTER_KILL,DRAGON,0,674653
4800399607,CHAMPION_KILL,2,0,680110
4800399607,CHAMPION_KILL,3,0,684142
4800399607,CHAMPION_KILL,3,0,694455
4800399607,CHAMPION_KILL,0,0,757321
4800399607,CHAMPION_KILL,0,0,807622
4800399607,ELITE_MONSTER_KILL,RIFTHERALD,0,820454
4800399607,BUILDING_KILL,0,0,835220
4800399607,CHAMPION_KILL,3,0,875510
4800399607,CHAMPION_KILL,3,0,913727
4800399607,CHAMPION_KILL,3,0,920242
4800399607,CHAMPION_KILL,3,0,923353
4800399607,CHAMPION_KILL,0,0,974929
4800399607,CHAMPION_KILL,0,0,977508
4800399607,CHAMPION_KILL,1,0,1069865
4800399607,CHAMPION_KILL,1,0,1075489
4800399607,CHAMPION_KILL,1,0,1077737
4800399607,ELITE_MONSTER_KILL,DRAGON,0,1084379
4800399607,CHAMPION_KILL,3,0,1184555
4800399607,CHAMPION_KILL,1,0,1225033
4800399607,CHAMPION_KILL,1,0,1237702
4800399607,CHAMPION_KILL,1,0,1266331
4800399607,CHAMPION_KILL,1,0,1271718
4800399607,CHAMPION_KILL,1,0,1314937
4800399607,ELITE_MONSTER_KILL,DRAGON,0,1393569
4800399607,CHAMPION_KILL,3,0,1402680
4800399607,BUILDING_KILL,2,0,1423195
4800399607,CHAMPION_KILL,3,0,1447082
4800399607,CHAMPION_KILL,3,0,1544370
4800399607,CHAMPION_KILL,3,0,1549215
4800399607,ELITE_MONSTER_KILL,BARON_NASHOR,0,1572085
4800399607,CHAMPION_KILL,1,0,1645214
4800399607,BUILDING_KILL,0,0,1656854
4800399607,CHAMPION_KILL,1,0,1775025
4800399607,CHAMPION_KILL,1,0,1788354
4800399607,CHAMPION_KILL,1,0,1792102
4800399607,CHAMPION_KILL,1,0,1795379
4800399607,BUILDING_KILL,1,0,1808327
4800399607,BUILDING_KILL,1,0,1823793
4800399607,BUILDING_KILL,1,0,1832596
4800399607,CHAMPION_KILL,3,0,1875706
4800399607,CHAMPION_KILL,3,0,1906983
4800399607,CHAMPION_KILL,3,0,2010351
4800399607,CHAMPION_KILL,3,0,2015351
4800399607,CHAMPION_KILL,3,0,2017601
4800399607,CHAMPION_KILL,3,0,2022112
4800399607,CHAMPION_KILL,2,0,2028243
4800399607,BUILDING_KILL,1,0,2061332
4800399608,CHAMPION_KILL,1,0,39868
4800399608,CHAMPION_KILL,3,0,154945
4800399608,CHAMPION_KILL,3,0,167430
4800399608,CHAMPION_KILL,0,0,267940
4800399608,CHAMPION_KILL,1,0,323937
4800399608,CHAMPION_KILL,2,0,331896
4800399608,CHAMPION_KILL,0,0,387577
4800399608,CHAMPION_KILL,1,0,460247
4800399608,CHAMPION_KILL,2,0,487923
4800399608,CHAMPION_KILL,2,0,496081
4800399608,CHAMPION_KILL,1,0,560808
4800399608,CHAMPION_KILL,0,0,576925
4800399608,CHAMPION_KILL,1,0,623658
4800399608,CHAMPION_KILL,2,0,688732
4800399608,CHAMPION_KILL,0,0,712183
4800399608,CHAMPION_KILL,2,0,712546
4800399608,BUILDING_KILL,0,0,715419
4800399608,ELITE_MONSTER_KILL,RIFTHERALD,0,760642
4800399608,ELITE_MONSTER_KILL,DRAGON,0,782649
4800399608,CHAMPION_KILL,3,0,783409
4800399608,CHAMPION_KILL,1,0,790675
4800399608,CHAMPION_KILL,1,0,908986
4800399608,BUILDING_KILL,2,0,924146
4800399608,CHAMPION_KILL,1,0,925170
4800399608,BUILDING_KILL,1,0,949411
4800399608,CHAMPION_KILL,3,0,1008468
4800399608,CHAMPION_KILL,3,0,1011905
4800399608,CHAMPION_KILL,3,0,1019800
4800399608,CHAMPION_KILL,1,0,1022281
4800399608,BUILDING_KILL,1,0,1034139
4800399608,CHAMPION_KILL,3,0,1050257
4800399608,BUILDING_KILL,1,0,1051810
4800399608,BUILDING_KILL,0,0,1086755
4800399608,ELITE_MONSTER_KILL,DRAGON,0,1098021
4800399608,CHAMPION_KILL,3,0,1175809
4800399608,CHAMPION_KILL,3,0,1183637
4800399608,CHAMPION_KILL,3,0,1185421
4800399608,CHAMPION_KILL,3,0,1192521
4800399608,BUILDING_KILL,1,0,1223538
4800399608,BUILDING_KILL,2,0,1237508
4800399608,ELITE_MONSTER_KILL,BARON_NASHOR,0,1260741
4800399608,CHAMPION_KILL,3,0,1308566
4800399608,BUILDING_KILL,1,0,1308797
4800399608,CHAMPION_KILL,3,0,1312266
4800399608,CHAMPION_KILL,3,0,1315107
4800399629,CHAMPION_KILL,0,0,141496
4800399629,CHAMPION_KILL,0,0,302397
4800399629,CHAMPION_KILL,2,0,332692
4800399629,CHAMPION_KILL,2,0,335798
4800399629,CHAMPION_KILL,0,0,379863
4800399629,CHAMPION_KILL,2,0,472019
4800399629,CHAMPION_KILL,2,0,475322
4800399629,CHAMPION_KILL,0,0,598333
4800399629,CHAMPION_KILL,0,0,630575
4800399629,CHAMPION_KILL,2,0,781628
4800399629,CHAMPION_KILL,0,0,783048
4800399629,CHAMPION_KILL,2,0,794344
4800399629,BUILDING_KILL,0,0,821527
4800399629,ELITE_MONSTER_KILL,RIFTHERALD,0,835198
4800399629,CHAMPION_KILL,3,0,857623
4800399629,BUILDING_KILL,0,0,876315
4800399629,BUILDING_KILL,0,0,886984
4800399629,CHAMPION_KILL,3,0,920181
4800399629,CHAMPION_KILL,2,0,930819
4800399629,ELITE_MONSTER_KILL,DRAGON,0,993839
4800399629,CHAMPION_KILL,3,0,1003682
4800399629,CHAMPION_KILL,3,0,1006027
4800399629,CHAMPION_KILL,1,0,1010818
4800399629,BUILDING_KILL,1,0,1024994
4800399629,BUILDING_KILL,1,0,1035498
4800399629,BUILDING_KILL,2,0,1079920
4800399629,CHAMPION_KILL,2,0,1114500
4800399629,CHAMPION_KILL,3,0,1116846
4800399629,CHAMPION_KILL,2,0,1118233
4800399629,CHAMPION_KILL,3,0,1121271
4800399629,CHAMPION_KILL,3,0,1138018
4800399629,BUILDING_KILL,2,0,1142480
4800399629,BUILDING_KILL,2,0,1152489
4800399629,BUILDING_KILL,2,0,1161209
4800399629,CHAMPION_KILL,3,0,1234730
4800399629,CHAMPION_KILL,1,0,1241467
4800399629,CHAMPION_KILL,3,0,1249657
4800399629,CHAMPION_KILL,3,0,1266637
4800399629,CHAMPION_KILL,3,0,1269906
4800399629,BUILDING_KILL,1,0,1272779
4800399629,BUILDING_KILL,1,0,1278030
4800399632,CHAMPION_KILL,0,0,70490
4800399632,CHAMPION_KILL,1,0,143799
4800399632,CHAMPION_KILL,2,0,250205
4800399632,CHAMPION_KILL,1,0,256282
4800399632,CHAMPION_KILL,2,0,317415
4800399632,CHAMPION_KILL,2,0,573757
4800399632,CHAMPION_KILL,2,0,580496
4800399632,CHAMPION_KILL,0,0,626288
4800399632,CHAMPION_KILL,1,0,694018
4800399632,CHAMPION_KILL,1,0,794187
4800399632,CHAMPION_KILL,3,0,820228
4800399632,BUILDING_KILL,2,0,838896
4800399632,CHAMPION_KILL,2,0,840185
4800399632,CHAMPION_KILL,3,0,847485
4800399632,CHAMPION_KILL,1,0,882537
4800399632,CHAMPION_KILL,3,0,946880
4800399632,CHAMPION_KILL,0,0,975763
4800399632,CHAMPION_KILL,2,0,1007138
4800399632,ELITE_MONSTER_KILL,RIFTHERALD,0,1016322
4800399632,BUILDING_KILL,1,0,1042207
4800399632,CHAMPION_KILL,1,0,1179433
4800399632,CHAMPION_KILL,3,0,1192066
4800399632,BUILDING_KILL,1,0,1196097
4800399632,ELITE_MONSTER_KILL,DRAGON,0,1312520
4800399632,CHAMPION_KILL,0,0,1406552
4800399632,ELITE_MONSTER_KILL,BARON_NASHOR,0,1443972
4800399632,CHAMPION_KILL,3,0,1449687
4800399632,CHAMPION_KILL,3,0,1451374
4800399632,BUILDING_KILL,1,0,1473947
4800399632,CHAMPION_KILL,3,0,1485943
4800399632,BUILDING_KILL,0,0,1523803
4800399632,CHAMPION_KILL,3,0,1542635
4800399632,CHAMPION_KILL,3,0,1552481
4800399632,CHAMPION_KILL,3,0,1583429
4800399632,BUILDING_KILL,2,0,1596909
4800399632,ELITE_MONSTER_KILL,DRAGON,0,1632908
4800399632,CHAMPION_KILL,3,0,1707430
4800399632,CHAMPION_KILL,3,0,1791699
4800399632,BUILDING_KILL,0,0,1825530
4800399632,ELITE_MONSTER_KILL,BARON_NASHOR,0,1858146
4800399632,CHAMPION_KILL,3,0,1863601
4800399632,CHAMPION_KILL,3,0,1865390
4800399632,CHAMPION_KILL,3,0,1873417
4800399632,CHAMPION_KILL,3,0,1887316
4800399632,BUILDING_KILL,2,0,1918310
4800399632,ELITE_MONSTER_KILL,DRAGON,0,1946559
4800399632,CHAMPION_KILL,3,0,1976754
4800399632,BUILDING_KILL,2,0,2002237
4800399632,CHAMPION_KILL,3,0,2052735
4800399632,BUILDING_KILL,1,0,2059347
4800399632,CHAMPION_KILL,3,0,2067177
4800399632,CHAMPION_KILL,3,0,2072660
4800399649,CHAMPION_KILL,3,0,235008
4800399649,CHAMPION_KILL,3,0,250408
4800399649,CHAMPION_KILL,1,0,322916
4800399649,CHAMPION_KILL,1,0,347104
4800399649,CHAMPION_KILL,3,0,352261
4800399649,CHAMPION_KILL,2,0,437347
4800399649,CHAMPION_KILL,2,0,438338
4800399649,CHAMPION_KILL,2,0,535966
4800399649,CHAMPION_KILL,0,0,611503
4800399649,CHAMPION_KILL,1,0,622642
4800399649,ELITE_MONSTER_KILL,RIFTHERALD,0,695604
4800399649,CHAMPION_KILL,1,0,729105
4800399649,CHAMPION_KILL,0,0,771300
4800399649,CHAMPION_KILL,2,0,830517
4800399649,CHAMPION_KILL,3,0,856287
4800399649,CHAMPION_KILL,2,0,857741
4800399649,CHAMPION_KILL,3,0,858534
4800399649,CHAMPION_KILL,2,0,878463
4800399649,CHAMPION_KILL,2,0,889069
4800399649,CHAMPION_KILL,0,0,973368
4800399649,CHAMPION_KILL,3,0,1056006
4800399649,BUILDING_KILL,0,0,1072890
4800399649,CHAMPION_KILL,1,0,1080027
4800399649,ELITE_MONSTER_KILL,DRAGON,0,1093207
4800399649,ELITE_MONSTER_KILL,RIFTHERALD,0,1099254
4800399649,CHAMPION_KILL,3,0,1114585
4800399649,CHAMPION_KILL,0,0,1164304
4800399649,CHAMPION_KILL,0,0,1168698
4800399649,BUILDING_KILL,1,0,1183198
4800399649,CHAMPION_KILL,2,0,1245408
4800399649,CHAMPION_KILL,3,0,1253537
4800399649,CHAMPION_KILL,3,0,1258789
4800399649,CHAMPION_KILL,3,0,1264741
4800399649,CHAMPION_KILL,3,0,1331998
4800399649,CHAMPION_KILL,3,0,1335202
4800399649,CHAMPION_KILL,3,0,1341015
4800399649,CHAMPION_KILL,3,0,1347889
4800399649,CHAMPION_KILL,3,0,1356212
4800399649,CHAMPION_KILL,3,0,1430630
4800399649,CHAMPION_KILL,3,0,1430630
4800399649,CHAMPION_KILL,3,0,1431951
4800399649,CHAMPION_KILL,1,0,1448607
4800399649,CHAMPION_KILL,3,0,1540050
4800399649,CHAMPION_KILL,3,0,1543190
4800399649,CHAMPION_KILL,3,0,1620231
4800399649,CHAMPION_KILL,3,0,1622845
4800399649,CHAMPION_KILL,3,0,1627214
4800399649,CHAMPION_KILL,3,0,1628337
4800399649,CHAMPION_KILL,3,0,1631839
4800399649,ELITE_MONSTER_KILL,BARON_NASHOR,0,1674585
4800399649,ELITE_MONSTER_KILL,DRAGON,0,1733824
4800399649,CHAMPION_KILL,1,0,1738448
4800399649,CHAMPION_KILL,3,0,1764616
4800399649,BUILDING_KILL,1,0,1789495
4800399649,BUILDING_KILL,1,0,1793461
4800399657,CHAMPION_KILL,3,1,52889
4800399657,CHAMPION_KILL,3,1,58539
4800399657,CHAMPION_KILL,0,1,126336
4800399657,CHAMPION_KILL,2,1,270460
4800399657,CHAMPION_KILL,2,1,273169
4800399657,CHAMPION_KILL,2,1,517367
4800399657,CHAMPION_KILL,2,1,526555
4800399657,CHAMPION_KILL,2,1,551678
4800399657,CHAMPION_KILL,1,1,566745
4800399657,CHAMPION_KILL,2,1,603424
4800399657,CHAMPION_KILL,3,1,639973
4800399657,CHAMPION_KILL,3,1,643408
4800399657,ELITE_MONSTER_KILL,DRAGON,1,678704
4800399657,CHAMPION_KILL,2,1,841997
4800399657,CHAMPION_KILL,2,1,848572
4800399657,CHAMPION_KILL,1,1,923313
4800399657,BUILDING_KILL,2,1,956552
4800399657,CHAMPION_KILL,2,1,959624
4800399657,CHAMPION_KILL,2,1,960384
4800399657,ELITE_MONSTER_KILL,DRAGON,1,1019533
4800399657,CHAMPION_KILL,3,1,1072739
4800399657,CHAMPION_KILL,3,1,1077237
4800399657,CHAMPION_KILL,3,1,1176613
4800399657,CHAMPION_KILL,3,1,1235096
4800399657,CHAMPION_KILL,3,1,1243885
4800399657,CHAMPION_KILL,3,1,1259655
4800399657,BUILDING_KILL,1,1,1279185
4800399657,CHAMPION_KILL,1,1,1299866
4800399657,ELITE_MONSTER_KILL,DRAGON,1,1349789
4800399657,CHAMPION_KILL,0,1,1381852
4800399657,CHAMPION_KILL,3,1,1398687
4800399657,CHAMPION_KILL,3,1,1403196
4800399657,CHAMPION_KILL,3,1,1405745
4800399657,BUILDING_KILL,1,1,1430792
4800399657,CHAMPION_KILL,3,1,1464269
4800399657,CHAMPION_KILL,3,1,1513745
4800399662,CHAMPION_KILL,1,1,192105
4800399662,CHAMPION_KILL,0,1,250169
4800399662,CHAMPION_KILL,3,1,284750
4800399662,CHAMPION_KILL,1,1,378403
4800399662,CHAMPION_KILL,1,1,486176
4800399662,ELITE_MONSTER_KILL,DRAGON,1,557470
4800399662,CHAMPION_KILL,1,1,659273
4800399662,CHAMPION_KILL,1,1,736348
4800399662,CHAMPION_KILL,1,1,738164
4800399662,ELITE_MONSTER_KILL,RIFTHERALD,1,749164
4800399662,CHAMPION_KILL,2,1,783751
4800399662,CHAMPION_KILL,0,1,851921
4800399662,CHAMPION_KILL,3,1,855884
4800399662,CHAMPION_KILL,2,1,874976
4800399662,BUILDING_KILL,1,1,895553
4800399662,CHAMPION_KILL,3,1,913232
4800399662,CHAMPION_KILL,2,1,935230
4800399662,CHAMPION_KILL,0,1,998123
4800399662,BUILDING_KILL,0,1,1026170
4800399662,CHAMPION_KILL,1,1,1046158
4800399662,CHAMPION_KILL,3,1,1048339
4800399662,CHAMPION_KILL,3,1,1113908
4800399662,CHAMPION_KILL,3,1,1124809
4800399662,CHAMPION_KILL,3,1,1134816
4800399662,CHAMPION_KILL,2,1,1181992
4800399662,ELITE_MONSTER_KILL,RIFTHERALD,1,1184535
4800399662,ELITE_MONSTER_KILL,DRAGON,1,1226319
4800399662,CHAMPION_KILL,3,1,1404255
4800399662,CHAMPION_KILL,3,1,1414063
4800399662,CHAMPION_KILL,3,1,1421134
4800399662,CHAMPION_KILL,3,1,1447326
4800399662,BUILDING_KILL,1,1,1453832
4800399662,CHAMPION_KILL,3,1,1459446
4800399662,CHAMPION_KILL,3,1,1524718
4800399662,CHAMPION_KILL,3,1,1533043
4800399662,ELITE_MONSTER_KILL,DRAGON,1,1542158
4800399662,CHAMPION_KILL,3,1,1573205
4800399662,CHAMPION_KILL,3,1,1591767
4800399662,CHAMPION_KILL,3,1,1770994
4800399662,CHAMPION_KILL,3,1,1812219
4800399662,CHAMPION_KILL,3,1,1813640
4800399662,BUILDING_KILL,0,1,1835672
4800399662,CHAMPION_KILL,3,1,1838380
4800399662,BUILDING_KILL,0,1,1843962
4800399662,CHAMPION_KILL,3,1,1858861
4800399662,CHAMPION_KILL,3,1,1870464
4800399662,CHAMPION_KILL,3,1,1871355
4800399662,CHAMPION_KILL,3,1,1883577
4800399662,BUILDING_KILL,1,1,1889919
4800399662,ELITE_MONSTER_KILL,DRAGON,1,1899235
4800399662,CHAMPION_KILL,3,1,1985124
4800399662,BUILDING_KILL,1,1,2021597
4800399662,CHAMPION_KILL,3,1,2029922
4800399662,CHAMPION_KILL,3,1,2030385
4800399662,CHAMPION_KILL,3,1,2032467
4800399674,CHAMPION_KILL,1,1,187347
4800399674,CHAMPION_KILL,0,1,189625
4800399674,CHAMPION_KILL,1,1,203665
4800399674,CHAMPION_KILL,3,1,295155
4800399674,CHAMPION_KILL,2,1,394639
4800399674,CHAMPION_KILL,2,1,407091
4800399674,ELITE_MONSTER_KILL,DRAGON,1,430606
4800399674,CHAMPION_KILL,0,1,470739
4800399674,CHAMPION_KILL,2,1,484182
4800399674,CHAMPION_KILL,1,1,547242
4800399674,CHAMPION_KILL,0,1,596484
4800399674,CHAMPION_KILL,2,1,669154
4800399674,CHAMPION_KILL,3,1,688545
4800399674,CHAMPION_KILL,2,1,696144
4800399674,CHAMPION_KILL,0,1,742878
4800399674,CHAMPION_KILL,3,1,765637
4800399674,CHAMPION_KILL,0,1,791962
4800399674,CHAMPION_KILL,0,1,822777
4800399674,BUILDING_KILL,0,1,839488
4800399674,CHAMPION_KILL,2,1,851675
4800399674,CHAMPION_KILL,2,1,856201
4800399674,CHAMPION_KILL,2,1,899171
4800399674,CHAMPION_KILL,3,1,928566
4800399674,CHAMPION_KILL,3,1,960011
4800399674,CHAMPION_KILL,2,1,985971
4800399674,ELITE_MONSTER_KILL,RIFTHERALD,1,988184
4800399674,BUILDING_KILL,1,1,1029466
4800399674,ELITE_MONSTER_KILL,DRAGON,1,1149623
4800399674,CHAMPION_KILL,3,1,1150680
4800399674,CHAMPION_KILL,1,1,1172412
4800399674,CHAMPION_KILL,3,1,1183608
4800399674,BUILDING_KILL,1,1,1190048
4800399674,BUILDING_KILL,1,1,1212178
4800399674,CHAMPION_KILL,2,1,1241608
4800399674,CHAMPION_KILL,2,1,1246231
4800399674,CHAMPION_KILL,3,1,1257492
4800399674,CHAMPION_KILL,2,1,1268853
4800399674,CHAMPION_KILL,2,1,1274666
4800399674,BUILDING_KILL,2,1,1315858
4800399674,CHAMPION_KILL,3,1,1358929
4800399674,CHAMPION_KILL,1,1,1427532
4800399674,CHAMPION_KILL,1,1,1448509
4800399674,CHAMPION_KILL,1,1,1457296
4800399674,CHAMPION_KILL,1,1,1461093
4800399674,ELITE_MONSTER_KILL,DRAGON,1,1518101
4800399674,CHAMPION_KILL,3,1,1548324
4800399674,CHAMPION_KILL,3,1,1617985
4800399674,ELITE_MONSTER_KILL,BARON_NASHOR,1,1656327
4800399674,BUILDING_KILL,0,1,1684101
4800399674,BUILDING_KILL,1,1,1696320
4800399674,CHAMPION_KILL,3,1,1717158
4800399674,CHAMPION_KILL,3,1,1720461
4800399674,CHAMPION_KILL,3,1,1722545
4800399674,CHAMPION_KILL,3,1,1725748
4800399674,CHAMPION_KILL,3,1,1726639
4800399674,BUILDING_KILL,1,1,1746688
4800399674,BUILDING_KILL,1,1,1755110
4800399676,CHAMPION_KILL,3,1,265925
4800399676,CHAMPION_KILL,3,1,429051
4800399676,CHAMPION_KILL,3,1,430867
4800399676,CHAMPION_KILL,0,1,511540
4800399676,CHAMPION_KILL,3,1,559773
4800399676,ELITE_MONSTER_KILL,RIFTHERALD,1,571664
4800399676,BUILDING_KILL,0,1,594223
4800399676,CHAMPION_KILL,0,1,651892
4800399676,CHAMPION_KILL,3,1,706888
4800399676,CHAMPION_KILL,2,1,710586
4800399676,CHAMPION_KILL,2,1,789824
4800399676,CHAMPION_KILL,2,1,809246
4800399676,CHAMPION_KILL,2,1,811623
4800399676,CHAMPION_KILL,2,1,820771
4800399676,CHAMPION_KILL,2,1,907012
4800399676,CHAMPION_KILL,2,1,916160
4800399676,BUILDING_KILL,2,1,927225
4800399676,CHAMPION_KILL,3,1,981323
4800399676,ELITE_MONSTER_KILL,DRAGON,1,987795
4800399676,CHAMPION_KILL,1,1,1060199
4800399676,CHAMPION_KILL,3,1,1082590
4800399676,CHAMPION_KILL,1,1,1087678
4800399676,CHAMPION_KILL,3,1,1104590
4800399676,CHAMPION_KILL,3,1,1123780
4800399676,ELITE_MONSTER_KILL,RIFTHERALD,1,1157149
4800399676,BUILDING_KILL,1,1,1162335
4800399676,CHAMPION_KILL,3,1,1198069
4800399676,CHAMPION_KILL,3,1,1202232
4800399676,BUILDING_KILL,0,1,1255807
4800399676,CHAMPION_KILL,3,1,1309057
4800399676,ELITE_MONSTER_KILL,DRAGON,1,1311765
4800399676,CHAMPION_KILL,3,1,1319031
4800399676,CHAMPION_KILL,1,1,1331085
4800399676,BUILDING_KILL,1,1,1338154
4800399676,CHAMPION_KILL,3,1,1370192
4800399676,CHAMPION_KILL,0,1,1372273
4800399676,CHAMPION_KILL,3,1,1452507
4800399676,CHAMPION_KILL,3,1,1486097
4800399676,ELITE_MONSTER_KILL,BARON_NASHOR,1,1511563
4800399676,CHAMPION_KILL,3,1,1580072
4800399676,CHAMPION_KILL,3,1,1583607
4800399676,CHAMPION_KILL,3,1,1601151
4800399686,CHAMPION_KILL,0,0,202411
4800399686,CHAMPION_KILL,0,0,207959
4800399686,CHAMPION_KILL,1,0,411813
4800399686,CHAMPION_KILL,0,0,416073
4800399686,CHAMPION_KILL,1,0,557553
4800399686,CHAMPION_KILL,2,0,679632
4800399686,ELITE_MONSTER_KILL,DRAGON,0,730396
4800399686,CHAMPION_KILL,0,0,733534
4800399686,BUILDING_KILL,2,0,783570
4800399686,BUILDING_KILL,0,0,861347
4800399686,CHAMPION_KILL,3,0,929002
4800399686,CHAMPION_KILL,3,0,935574
4800399686,CHAMPION_KILL,3,0,938843
4800399686,ELITE_MONSTER_KILL,DRAGON,0,1078144
4800399686,CHAMPION_KILL,3,0,1084220
4800399686,CHAMPION_KILL,3,0,1089571
4800399686,CHAMPION_KILL,3,0,1097895
4800399686,CHAMPION_KILL,3,0,1229844
4800399686,CHAMPION_KILL,1,0,1233113
4800399686,CHAMPION_KILL,3,0,1234600
4800399686,CHAMPION_KILL,3,0,1236218
4800399686,CHAMPION_KILL,2,0,1376461
4800399686,CHAMPION_KILL,3,0,1429244
4800399686,CHAMPION_KILL,1,0,1436412
4800399686,BUILDING_KILL,2,0,1442163
4800399686,BUILDING_KILL,0,0,1466213
4800399686,CHAMPION_KILL,3,0,1514937
4800399686,CHAMPION_KILL,1,0,1518901
4800399686,BUILDING_KILL,1,0,1539250
4800399686,CHAMPION_KILL,3,0,1555006
4800399686,CHAMPION_KILL,3,0,1559894
4800399686,BUILDING_KILL,1,0,1563163
4800399686,CHAMPION_KILL,3,0,1570067
4800399686,BUILDING_KILL,1,0,1576410
4800399686,CHAMPION_KILL,3,0,1586682
4800399686,BUILDING_KILL,1,0,1588631
4800399686,CHAMPION_KILL,3,0,1593355
4800399686,BUILDING_KILL,1,0,1595238
4800399688,CHAMPION_KILL,0,1,153311
4800399688,CHAMPION_KILL,0,1,240342
4800399688,CHAMPION_KILL,2,1,251704
4800399688,CHAMPION_KILL,2,1,412756
4800399688,ELITE_MONSTER_KILL,DRAGON,1,469007
4800399688,CHAMPION_KILL,0,1,487239
4800399688,CHAMPION_KILL,0,1,577187
4800399688,CHAMPION_KILL,2,1,660086
4800399688,CHAMPION_KILL,2,1,735723
4800399688,CHAMPION_KILL,3,1,738299
4800399688,BUILDING_KILL,0,1,860476
4800399688,CHAMPION_KILL,3,1,892517
4800399688,CHAMPION_KILL,0,1,923003
4800399688,CHAMPION_KILL,0,1,925977
4800399688,CHAMPION_KILL,3,1,977929
4800399688,CHAMPION_KILL,1,1,1038024
4800399688,CHAMPION_KILL,1,1,1078120
4800399688,BUILDING_KILL,2,1,1081752
4800399688,CHAMPION_KILL,1,1,1083932
4800399688,BUILDING_KILL,1,1,1097605
4800399688,CHAMPION_KILL,3,1,1207339
4800399688,CHAMPION_KILL,3,1,1209353
4800399688,ELITE_MONSTER_KILL,DRAGON,1,1209353
4800399688,CHAMPION_KILL,3,1,1211929
4800399688,CHAMPION_KILL,3,1,1234752
4800399688,CHAMPION_KILL,0,1,1316137
4800399688,CHAMPION_KILL,0,1,1342926
4800399688,CHAMPION_KILL,0,1,1345601
4800399688,CHAMPION_KILL,0,1,1354784
4800399688,CHAMPION_KILL,3,1,1443448
4800399688,CHAMPION_KILL,1,1,1470139
4800399688,CHAMPION_KILL,1,1,1481039
4800399688,CHAMPION_KILL,3,1,1499338
4800399688,ELITE_MONSTER_KILL,DRAGON,1,1527415
4800399688,CHAMPION_KILL,1,1,1587927
4800399688,CHAMPION_KILL,1,1,1590900
4800399688,CHAMPION_KILL,1,1,1599189
4800399688,CHAMPION_KILL,3,1,1606290
4800399688,BUILDING_KILL,1,1,1626175
4800399688,ELITE_MONSTER_KILL,BARON_NASHOR,1,1734310
4800399688,CHAMPION_KILL,3,1,1763111
4800399688,CHAMPION_KILL,2,1,1767173
4800399688,CHAMPION_KILL,3,1,1799242
4800399688,CHAMPION_KILL,3,1,1802908
4800399688,BUILDING_KILL,1,1,1812884
4800399688,CHAMPION_KILL,3,1,1828670
4800399688,CHAMPION_KILL,3,1,1836170
4800399688,CHAMPION_KILL,3,1,1878682
4800399695,CHAMPION_KILL,0,0,219332
4800399695,CHAMPION_KILL,0,0,230332
4800399695,CHAMPION_KILL,1,0,272716
4800399695,CHAMPION_KILL,2,0,379646
4800399695,CHAMPION_KILL,2,0,387705
4800399695,ELITE_MONSTER_KILL,DRAGON,0,416010
4800399695,CHAMPION_KILL,2,0,458822
4800399695,CHAMPION_KILL,1,0,549992
4800399695,CHAMPION_KILL,3,0,585106
4800399695,ELITE_MONSTER_KILL,RIFTHERALD,0,652354
4800399695,CHAMPION_KILL,2,0,681028
4800399695,CHAMPION_KILL,0,0,720865
4800399695,CHAMPION_KILL,3,0,732029
4800399695,ELITE_MONSTER_KILL,DRAGON,0,761463
4800399695,CHAMPION_KILL,2,0,790958
4800399695,CHAMPION_KILL,0,0,814476
4800399695,CHAMPION_KILL,1,0,830362
4800399695,CHAMPION_KILL,0,0,860192
4800399695,CHAMPION_KILL,1,0,898245
4800399695,CHAMPION_KILL,2,0,920641
4800399695,CHAMPION_KILL,2,0,934281
4800399695,CHAMPION_KILL,0,0,940326
4800399695,BUILDING_KILL,0,0,948089
4800399695,CHAMPION_KILL,3,0,989409
4800399695,CHAMPION_KILL,3,0,1071491
4800399695,BUILDING_KILL,2,0,1093658
4800399695,ELITE_MONSTER_KILL,DRAGON,0,1099338
4800399695,CHAMPION_KILL,3,0,1138119
4800399695,BUILDING_KILL,2,0,1173335
4800399695,BUILDING_KILL,2,0,1187937
4800399695,BUILDING_KILL,1,0,1214163
4800399695,BUILDING_KILL,1,0,1222455
4800399695,CHAMPION_KILL,3,0,1240855
4800399695,BUILDING_KILL,1,0,1248717
4800399695,CHAMPION_KILL,3,0,1257109
4800399695,CHAMPION_KILL,3,0,1282643
4800399695,CHAMPION_KILL,3,0,1286541
4800399696,CHAMPION_KILL,2,1,151834
4800399696,CHAMPION_KILL,1,1,164616
4800399696,CHAMPION_KILL,0,1,230198
4800399696,CHAMPION_KILL,1,1,366030
4800399696,CHAMPION_KILL,2,1,441910
4800399696,CHAMPION_KILL,2,1,443495
4800399696,CHAMPION_KILL,0,1,583994
4800399696,ELITE_MONSTER_KILL,RIFTHERALD,1,589149
4800399696,CHAMPION_KILL,3,1,594697
4800399696,CHAMPION_KILL,3,1,600179
4800399696,CHAMPION_KILL,3,1,662051
4800399696,CHAMPION_KILL,2,1,735560
4800399696,CHAMPION_KILL,2,1,738202
4800399696,CHAMPION_KILL,2,1,740712
4800399696,ELITE_MONSTER_KILL,DRAGON,1,770179
4800399696,CHAMPION_KILL,2,1,831196
4800399696,CHAMPION_KILL,2,1,836481
4800399696,CHAMPION_KILL,3,1,878458
4800399696,CHAMPION_KILL,3,1,879878
4800399696,CHAMPION_KILL,3,1,881497
4800399696,BUILDING_KILL,1,1,915325
4800399696,CHAMPION_KILL,0,1,969891
4800399696,CHAMPION_KILL,1,1,1044382
4800399696,CHAMPION_KILL,1,1,1046066
4800399696,CHAMPION_KILL,2,1,1055181
4800399696,BUILDING_KILL,1,1,1067499
4800399696,ELITE_MONSTER_KILL,DRAGON,1,1100134
4800399696,CHAMPION_KILL,3,1,1147642
4800399696,CHAMPION_KILL,2,1,1213354
4800399696,CHAMPION_KILL,2,1,1214873
4800399696,CHAMPION_KILL,2,1,1219142
4800399696,CHAMPION_KILL,2,1,1221290
4800399696,BUILDING_KILL,0,1,1226312
4800399696,BUILDING_KILL,2,1,1256372
4800399696,CHAMPION_KILL,1,1,1295592
4800399696,CHAMPION_KILL,3,1,1298632
4800399696,CHAMPION_KILL,3,1,1311910
4800399696,BUILDING_KILL,1,1,1323305
4800399696,BUILDING_KILL,1,1,1330836
4800399696,CHAMPION_KILL,0,1,1401131
4800399696,CHAMPION_KILL,3,1,1403675
4800399696,ELITE_MONSTER_KILL,DRAGON,1,1451404
4800399696,CHAMPION_KILL,0,1,1528346
4800399696,BUILDING_KILL,0,1,1554045
4800399696,CHAMPION_KILL,3,1,1570199
4800399696,CHAMPION_KILL,3,1,1574360
4800399696,CHAMPION_KILL,3,1,1581167
4800399696,CHAMPION_KILL,3,1,1594050
4800399696,BUILDING_KILL,0,1,1600259
4800399696,BUILDING_KILL,1,1,1607329
4800399696,CHAMPION_KILL,3,1,1624517
4800399696,CHAMPION_KILL,3,1,1625278
